Nom station,Nombre total vélos disponibles,Station en fonctionnement
Rouget de L'isle - Watteau,20,OUI
Benjamin Godard - Victor Hugo,4,OUI
Charonne - Robert et Sonia Delaunay,9,OUI
Hôpital Mondor,22,OUI
Messine - Place Du Pérou,11,OUI
Toudouze - Clauzel,2,OUI
Vaneau - Sèvres,22,OUI
Cassini - Denfert-Rochereau,2,OUI
Lacépède - Monge,3,OUI
Jourdan - Stade Charléty,6,OUI
Saint-Romain - Cherche-Midi,11,OUI
Basilique,12,OUI
Bas du Mont-Mesly,15,OUI
Le Brun - Gobelins,23,OUI
Silly - Galliéni,19,OUI
Saint-Sulpice,11,OUI
Place Nelson Mandela,11,OUI
André Karman - République,12,OUI
Guersant - Gouvion-Saint-Cyr,18,OUI
Pierre et Marie Curie - Maurice Thorez,8,OUI
Beaux-Arts - Bonaparte,3,OUI
Jean Rostand - Paul Vaillant Couturier,12,OUI
Mairie du 12ème,28,OUI
Square Boucicaut,11,OUI
Boétie - Ponthieu,1,OUI
Thouin - Cardinal Lemoine,3,OUI
Romainville - Vaillant-Couturier,6,OUI
Froment - Bréguet,35,OUI
Sarrazins - Saussure,0,NON
Morillons - Dantzig,18,OUI
Saint-Fiacre - Poissonière,1,OUI
Jouffroy d'Abbans - Wagram,9,OUI
Porte de Saint-Ouen - Bessières,15,OUI
Charcot - Benfleet,2,OUI
Cambrai - Benjamin Constant,24,OUI
Bracion - Périphérique,4,OUI
Chazelles - Courcelles,4,OUI
Croulebarde - Corvisart,20,OUI
Moulin de Pierre - Abbé Grégoire,13,OUI
Le Brix et Mesmin - Jourdan,1,OUI
Ramponeau - Belleville,6,OUI
Lagny - Victor Basch,8,OUI
Louis Lejeune - Barbès,7,OUI
Saint-Cloud - Hippodrome,1,OUI
Général Martial Valin - Pont du Garigliano,0,OUI
Rond-point du Dr Albert Schweitzer,12,OUI
Théâtre des Amandiers - Palais des sports,5,OUI
Serrurier,6,OUI
Raspail Barbès,11,OUI
De Toqueville - Terrasse,15,OUI
Jules Guesde - Pont du Port à l'Anglais,27,OUI
Michel-Ange - Parent de Rosan,21,OUI
Tour d'Auvergne - Rodier,7,OUI
Caire - Dussoubs,26,OUI
Liard - Amiral Mouchez,5,OUI
Artois - Berri,2,OUI
Regnault - Patay,42,OUI
Marceau - Chaillot,2,OUI
Italie - Tolbiac,12,OUI
Vigée-Lebrun - Anselme Payen,5,OUI
Abbeville - Faubourg Poissonnière,4,OUI
Félix Ziem - Armand Gauthier,11,OUI
Octave Feuillet - Albéric Magnard,3,OUI
Youri Gagarine - Karl Marx,16,OUI
Place Jean-Spire-Lemaître,16,OUI
Jean Oestreicher - Porte de Champerret,1,OUI
Bellefond - Poissonnière,3,OUI
Granges aux Belles,21,OUI
Square Louis XVI,7,OUI
Verger - Colonel Guichard,1,OUI
Dunkerque - Rocroy,15,OUI
Douai - Bruxelles,13,OUI
Gare de l'Est - Faubourg-Saint-Martin,7,OUI
Lamarck - Saint-Ouen,0,OUI
Gare de Nogent-le-Perreux,8,OUI
Gare Saint-Lazare - Isly,8,OUI
Gabriel Lamé,25,OUI
Ségur - d'Estrées,8,OUI
Quai de l'Horloge - Pont Neuf,4,OUI
Charlot - Stade Gabriel Voisin,20,OUI
Boulangers - Cardinal Lemoine,5,OUI
Faubourg Montmartre - La Fayette,15,OUI
Gare d'Austerlitz - Quai Saint-Bernard,10,OUI
Boudreau - Auber,6,OUI
Pereire - Ternes,21,OUI
Thionville - Ourcq,24,OUI
Gare Rosny-Bois-Perrier,17,OUI
Rossini - Laffitte,7,OUI
Porte Pouchet-Bessières,8,OUI
Quai de la Seine,5,OUI
Gay Lussac - Saint-Jacques,5,OUI
Gare de Lyon - Place Louis Armand,3,OUI
Place Georges Guillaumin,3,OUI
Ranelagh - Mozart,8,OUI
Ambroise Rendu - Porte Brunet,5,OUI
Saint-Maur - Roquette,23,OUI
Château - République,1,OUI
Berri - Haussmann,4,OUI
Henri Barbusse - Stalingrad,10,OUI
Delphine Seyrig - Général Leclerc,1,OUI
Argenteuil - Voltaire,15,OUI
Institut du Monde Arabe - Saint-Germain,6,OUI
Legendre - Clichy,34,OUI
Pyrénées - Emmery,10,OUI
Lisbonne - Monceau,1,OUI
Desaix - Edgar Faure,10,OUI
Pesaro - Préfecture,2,OUI
Pereire - Rennequin,18,OUI
Moncey - Blanche,2,OUI
Notre-Dame-des-Champs - Stanislas,2,OUI
Gare du Nord - Hôpital Lariboisière,21,OUI
Liège - Moscou,1,OUI
Redoute - Les Courtilles,35,OUI
Place Du Général De Gaulle,12,OUI
Belidor - Gouvion-Saint-Cyr,3,OUI
Charles de Gaulle - Beauté,9,OUI
Place de Rhin et Danube,14,OUI
Mutualité,23,OUI
Exelmans - Versailles,29,OUI
Henry Farman,2,OUI
11 Novembre 1918 - 8 Mai 1945,7,OUI
Jourdain - Place des Grandes Rigoles,2,OUI
Roquette - Thiéré,21,OUI
Pajol - Place Herbert,25,OUI
Claude Decaen - Cannebière,23,OUI
Gabriel Péri - Francisco Ferrer,17,OUI
Amelot - Saint-Sébastien,30,OUI
Marne - Germain Dardan,4,OUI
Panthéon - Valette,2,OUI
Carducci - Place Hannah Arendt,27,OUI
Chartres - La Charbonnière,9,OUI
Richard Lenoir - Republique,31,OUI
Saint-Ambroise - Parmentier,32,OUI
Manin - Carrières d'Amérique,14,OUI
Pyramide - Ecole du Breuil,14,OUI
Porte de Vanves,5,OUI
Mairie de Montreuil,2,OUI
Victor Hugo - Jeanne Jugan,5,OUI
Rouget de Lisle,15,OUI
Conservatoire de Musique,21,OUI
Récollets - Square Villemin,3,OUI
Lucie Aubrac - Fort,8,OUI
Cimetière de Montrouge,26,OUI
Port-Royal - Hôpital du Val-de-Grâce,16,OUI
Anatole France - President Roosevelt,20,OUI
Championnet - Vauvenargues,23,OUI
Roger Salengro - Fontainebleau,5,OUI
Rocher - Laborde,30,OUI
Concorde - Stalingrad,15,OUI
Grenelle - Violet,20,OUI
Cimetière de Montmartre,6,OUI
Erasme - Ulm,1,OUI
Hôpital Européen Georges Pompidou,8,OUI
Bertie Albrecht - Hoche,0,OUI
Schoelcher - Raspail,18,OUI
Molière - République,14,OUI
Fontenay - Libération,8,OUI
Hoche - Jean Lolive,10,OUI
Square Simon Bolivar,8,OUI
Enghien - Faubourg Poissonnière,10,OUI
Cimetière de Fontenay-sous-Bois,6,OUI
Saint-Jacques - Val de Grâce,3,OUI
Mouton Duvernet - Général Leclerc,9,OUI
Place de la Porte de Champeret,8,OUI
Lecourbe - Jean Maridor,17,OUI
Place Marcel Cachin,30,OUI
Marc Sangnier - Porte de Vanves,3,OUI
Lobau - Hôtel de Ville,26,OUI
Etienne Jodelle - Saint Ouen,12,OUI
Marcelin Berthelot,20,OUI
Guy Môquet - Etienne Dolet,9,OUI
Assas - Rennes,21,OUI
Boissière - Etienne Dolet,4,OUI
François Debergue - Croix de Chavaux,0,OUI
Chabanais - Petits Champs,20,OUI
Gabriel Péri - Danielle Casanova,12,OUI
Marcadet - Barbès,17,OUI
Karl Marx,2,OUI
Cevennes - Bergers,25,OUI
Tertres - Fontaine,12,OUI
Sibelle - Alésia,12,OUI
Raspail - Manufacture des Oeillets,24,OUI
Hôtel de Ville de Boulogne Billancourt,19,OUI
Henri Ste-Claire Déville - Paul Héroult,17,OUI
Place de la Reine Astrid,10,OUI
Jean Jaurès - Salvador Allende,22,OUI
David Weill - Parc Montsouris,2,OUI
Victoire - Chaussée d'Antin,1,OUI
Saint Lambert - Blomet,26,OUI
Oberkampf - République,14,OUI
Place Robert Guillemard,16,OUI
Commandant Schloesing - Pétrarque,0,NON
Edouard Tremblay - Julian Grimaux,4,OUI
Chemin Vert - Saint-Maur,33,OUI
Repos - Cimetière du Père Lachaise,21,OUI
Square du Théâtre du Garde-Chasse,11,OUI
Nationale - Place Jules Guesde,14,OUI
Botzaris - Parc des Buttes Chaumont,3,OUI
Lakanal - Commerce,20,OUI
Général De Gaulle - Alouette,22,OUI
Censier - Jardin des Plantes,12,OUI
Jules Guesde - Alsace,12,OUI
Gare Rer de Fontenay sous Bois,8,OUI
Joseph Liouville - Croix Nivert,34,OUI
Cossonnerie - Sébastopol,3,OUI
Parmentier - République,21,OUI
Marcelle - Thalie,3,OUI
Sablons - Georges Mandel,3,OUI
Cambon - Rivoli,9,OUI
Larmeroux - Baudelaire,24,OUI
Louis Lumière - Porte de Bagnolet,2,OUI
Beffroy,3,OUI
Paris - Emile Zola,19,OUI
Molitor - Chardon-Lagache,0,OUI
Richard Lenoir - Jean-Pierre Timbaud,28,OUI
Victor Hugo - Galliéni,21,OUI
Legendre - Dulong,8,OUI
Lieutenant Chauré - Etienne Marey,14,OUI
Place Madeleine Daniélou,13,OUI
Charles de Gaulle - Sablonville,5,OUI
Rochechouart lamartine,22,OUI
Auguste Cain - Jean Moulin,8,OUI
Jean-François Lépine - Stephenson,18,OUI
Parmentier - Abel Rabaud,36,OUI
Marie-Georges Picquart - Pereire,5,OUI
Place Paul Eluard,16,OUI
Gare RER de Vincennes,5,OUI
Aristide Briand - Gare de Bagneux,2,OUI
Théophile Gautier - François Millet,13,OUI
Seine - Flandre,14,OUI
Villette - Belleville,26,OUI
Hautpoul - Jean Jaurès,11,OUI
Marché Secrétan,2,OUI
Wilson - Métallurgie,18,OUI
Galilée - Kléber,1,OUI
Madame de Sanzillon - Mozart,9,OUI
Mairie du 11ème,49,OUI
Square d'Anvers,1,OUI
Quai Panhard et Levassor,28,OUI
Place du Palais Royal,19,OUI
Las Cases - Bourgogne,0,OUI
Miromesnil - La Boétie,4,OUI
Arche - Léonard de Vinci,1,OUI
Mairie du 7ème,9,OUI
Chemin Vert - Fraternité,6,OUI
Boyer - Ménilmontant,7,OUI
Marseille - Beaurepaire,36,OUI
Laumière - Petit,24,OUI
Mairie d'Ivry-sur-Seine,26,OUI
8 Mai 1945 - 10 Juillet 1940,0,NON
Parc Georges Brassens - Brancion,24,OUI
Gare Arcueil - Cachan,10,OUI
Exelmans - Michel-Ange,29,OUI
Quai du docteur Dervaux,14,OUI
Pierret - Madrid,11,OUI
Villiers de l'Isle Adam - Pyrénées,8,OUI
Reims - Raymond Pitet,5,OUI
Place de la Porte de Paris,6,OUI
Saint-Vincent - Verdun,11,OUI
Place Amédée Gordini - Lefebvre,5,OUI
Mathurins - Auber,7,OUI
Stalingrad - Désiré Chevalier,19,OUI
Grand Prieuré - Crussol,40,OUI
Flandre - Alphonse Karr,8,OUI
Leroy des Barres - Médiathèque,8,OUI
Hôtel de Ville de Nanterre,32,OUI
Arago - Glacière,25,OUI
Victor Hugo - Ecoles,21,OUI
Prague - Théophile Roussel,0,NON
Général Delambre - Prebuard,21,OUI
Gare RER de Gentilly,11,OUI
Charenton - Diderot,15,OUI
Charonne - Avron,11,OUI
Place de l'Édit de Nantes,27,OUI
Place Jean Ferrat,20,OUI
Boulard - Daguerre,12,OUI
Charonne - Faubourg Saint-Antoine,30,OUI
Simon Bolivar - Henri Turot,6,OUI
Tristan Tzara -  Tchaïkovski,16,OUI
Saint-Germain - Thenard,22,OUI
Stephenson - Doudeauville,28,OUI
Jules Ferry - Faubourg du Temple Paris,46,OUI
Hôpital Bégin,1,OUI
Anatole France - Louise Michel,22,OUI
Saint Georges - d'Aumale,14,OUI
Gaston Roussel - Commune de Paris,14,OUI
Montgallet - Charenton,14,OUI
Bienfaisance - Place de Narvik,7,OUI
Stalingrad - Germaine Tailleferre,12,OUI
Faustin Hélie - Desbordes-Valmore,5,OUI
Guynemer - Séverine,6,OUI
Jean Macé - Faidherbe,36,OUI
Alfred Roll - Berthier,20,OUI
Dupleix - du Guesclin,23,OUI
Richard Wallace - Place du 8 Mai 1945,21,OUI
Ancien Canal - Hélène Brion,12,OUI
Square Gilbert Thomain,11,OUI
Parmentier - Hôpital Saint-Louis,20,OUI
Departement - Pajol,9,OUI
Pasteur - Gambetta,2,OUI
Flandre - Riquet,17,OUI
Montgallet - Reuilly,10,OUI
Fragonard - Porte de Clichy,42,OUI
Place Jacques Madaule,14,OUI
Place des Ternes.,6,OUI
Montreuil - Gonnet,21,OUI
Place de Verdun,31,OUI
Varenne,32,OUI
Edouard Poisson - Victor Hugo,12,OUI
Commandant Rivière,7,OUI
Jussieu - Fossés Saint-Bernard,5,OUI
Jardin d'Acclimatation,10,OUI
Jacques Callot - Mazarine,12,OUI
Paul Vaillant Couturier - Chaptal,3,OUI
Porte de Vincennes,2,OUI
Square Cambronne,4,OUI
Gare de Laplace,8,OUI
Clignancourt - Sofia,16,OUI
Bayen - Pereire,19,OUI
Quai de la Loire - Jean Jaurès,4,OUI
Félix Faure - Sadi Carnot,1,OUI
Route de Sèvres - Porte de Bagatelle,57,OUI
18 juin 1940 - Buzenval,17,OUI
Bordier - Félix Faure,30,OUI
Porte de la Villette,8,OUI
Cujas - Saint-Michel,0,OUI
Pirogues de Bercy - Libourne,16,OUI
Mairie de La Garenne Colombes,13,OUI
Place Violet,27,OUI
Jean Colly - Tolbiac,9,OUI
Place du 8 Mai 1945,2,OUI
Ouest - Château,5,OUI
Victor Hugo - Magasins Généraux,3,OUI
Place aux Étoiles,5,OUI
Carnot - Pâquerettes,24,OUI
Flandrin - Henri Martin,1,OUI
Assemblée Nationale,41,OUI
Grands Moulins de Pantin,4,OUI
Chanzy - Sud-Est,18,OUI
Gare de Courbevoie,4,OUI
Jussieu - Guy de la Brosse,4,OUI
Porte d'Auteuil,15,OUI
Bercy - Villot,1,OUI
Réunion - Avron,5,OUI
Courcelles - Place des Ternes,19,OUI
Place Jean-Baptiste Clément,12,OUI
Guichet - Jean Jaurès,26,OUI
Jean Lolive - Parc Stalingrad,18,OUI
Parvis Robert Schuman - Roger Salengro,3,OUI
Parc Pierre Lagravère,17,OUI
Verdun - Place Henri IV,12,OUI
Navier - Epinettes,25,OUI
Anatole France - Jean Lolive,10,OUI
Place Carnot,12,OUI
Boyer-Barret - Raymond Losserand,10,OUI
Gare de Bercy,3,OUI
Assas - Vaugirard,9,OUI
Ceinture du Lac Inferieure - Saint-Cloud,0,OUI
Raymond Poincaré - Allée de la Marche,3,OUI
Piat - Parc de Belleville,6,OUI
Gravelle - Route du Bac,23,OUI
Square des Saint-Simoniens,18,OUI
Lagny - Joffre,3,OUI
Champeaux - Gallieni,4,OUI
Place Falguière,21,OUI
Place des Marseillais,0,OUI
Emeriau - Place de Brazzaville,24,OUI
Ménilmontant - Pelleport,8,OUI
Parc Monceau,1,OUI
Petit - Manin,10,OUI
Tardieu - Chappe,9,OUI
Petites Ecuries - Faubourg Poissonnière,12,OUI
Gare d'Asnières sur Seine,22,OUI
Nanterre - Université,13,OUI
Henri Chevreau - Couronnes,15,OUI
Francoeur - Marcadet,20,OUI
Pascal - Claude Bernard,45,OUI
Sommerard - Saint-Jacques,20,OUI
Vignerons - Minimes,19,OUI
Pierre et Marie Curie - Julien Grimau,2,OUI
Grenelle - Dr Finlay,33,OUI
Raspail - Varenne,6,OUI
Lamennais - Washington,1,OUI
Quai Voltaire,7,OUI
Porte d'Orléans,1,OUI
Batignolles - Place de Clichy,1,OUI
Pierre Grenier - Pont de Billancourt,21,OUI
Parc de Belleville - Julien Lacroix,9,OUI
Vladimir Ilitch Lénine - Andrée Chedid,14,OUI
Gare de l'Est - Verdun,3,OUI
Professeur René Leriche - Général Leclerc,16,OUI
Morice - Général Leclerc,24,OUI
Uzès - Montmartre,1,OUI
Capitaine Glarner - Gabriel Péri,24,OUI
Ledru-Rollin - Charonne,26,OUI
Pierre Larousse - Raymond Losserand,7,OUI
Place Valhubert,37,OUI
Charles Delescluze,44,OUI
Saint-François-Xavier,14,OUI
Vasco de Gama,41,OUI
Gare de Pont-Cardinet,6,OUI
Lucien Sampaix - Récollets,14,OUI
Place Jean Delay,15,OUI
Place du Général de Gaulle,4,OUI
Pont de Levallois-bécon,1,OUI
Bara - Henri Farman,8,OUI
Pitié-Salpêtrière,10,OUI
Belleville - Porte des Lilas,2,OUI
Jonquoy - Didot,10,OUI
Sèvres-Gallieni,10,OUI
Charenton - Place du Col Bourgoin,20,OUI
Indre - Prairies,13,OUI
Porte Dorée,11,OUI
Edouard Vaillant - Paul-Adolphe Souriau,8,OUI
Mézières - Rennes,35,OUI
Vincennes - Douy-Delcupe,6,OUI
Place Adolphe Cherioux - Vaugirard,41,OUI
Place du Cornillon - Stade de France,13,OUI
Raspail - Bac,20,OUI
Porte de Clignancourt.,3,OUI
Michelet - Assas,9,OUI
Lucie Aubrac - Franklin,2,OUI
Tanger - Place du Maroc,12,OUI
Gare Routière de Saint Cloud,7,OUI
Porte de Saint-Ouen - Henri Huchard,13,OUI
Dunois - Clisson,29,OUI
Génie - Mozart,4,OUI
Milton - Manuel,16,OUI
Place du Maréchal Juin - Péreire,10,OUI
Edouard Pailleron - Simon Bolivar,2,OUI
Hôtel de Ville d'Argenteuil,30,OUI
Eglise d'Auteuil,13,OUI
Primo Levi - Frigos,13,OUI
Bridaine - Lamandé,14,OUI
Batignolles - Rome,3,OUI
Mahatma Gandhi,15,OUI
Filles Saint-Thomas - Place de la Bourse,2,OUI
Paris - Désiré Préaux,9,OUI
Verdun - Adrien Damalix,17,OUI
Danton - Serpente,11,OUI
Jean Jaurès - Jean Baptiste Clément,30,OUI
République - Danton,12,OUI
Château - Bineau,17,OUI
Mac-Mahon - Brey,2,OUI
Mairie du 18ème,11,OUI
Cité des Sciences et de l'Industrie,4,OUI
Porte de Ménilmontant,4,OUI
Pajol - Riquet,38,OUI
Laffitte - Italiens,0,OUI
Toffier Decaux - Cartier Bresson,6,OUI
Colonel Monteil - Brune,6,OUI
Provence - Chaussée d'Antin,8,OUI
Lourmel - Marie Skobtsov,17,OUI
Pelleport - Belgrand,7,OUI
Belleville - Télégraphe,1,OUI
Edgar Quinet - Raspail,5,OUI
Courcelles - Pierre Demours,11,OUI
Place Etienne Pernet,33,OUI
Square des Epinettes,18,OUI
Square Saint-Ambroise,33,OUI
Lassus - Delouvain,0,OUI
Sadi Carnot - François Mitterrand,8,OUI
Emile Blemont - Poteau,22,OUI
Gabrielle Josserand - Edouard Vaillant,24,OUI
Square du Carrefour de l'Insurrection,19,OUI
Square René Viviani - Montebello,19,OUI
Orteaux - Mouraud,10,OUI
Ledru-Rollin - Place du Père Chaillet,33,OUI
François Ponsard - La Muette,5,OUI
Aubervilliers - Curial,5,OUI
Bellefond - Maubeuge,13,OUI
Bassano -  Iéna,1,OUI
Porte d'Aubervilliers,7,OUI
Transvaal - Charles de Gaulle,21,OUI
Chabrol - d'Hauteville,3,OUI
Belliard - Damrémont,26,OUI
Lepic - Armée d'Orient,21,OUI
Boulets - Faubourg Saint-Antoine,19,OUI
Théâtre - Lourmel,51,OUI
Route de la Muette - Porte de Neuilly,48,OUI
Hameau Fleuri - Marché,4,OUI
Maine - Antoine Bourdelle,0,OUI
Ecole Vétérinaire,12,OUI
Gare RER de Saint-Denis,12,OUI
Balard - Montagne de la Fage,28,OUI
Mozart - Jasmin,8,OUI
Lavandieres Sainte Opportune - Rivoli,6,OUI
Haies - Réunion,9,OUI
Méchain - Faubourg Saint-Jacques,1,OUI
Naples - Rome,5,OUI
Stade Auguste Delaune,13,OUI
Villersexel - Saint-Germain,4,OUI
Jean-Baptiste Pigalle - La Bruyere,8,OUI
Fontainebleau - Edmond Michelet,8,OUI
Kléber - Gouverneur Général Eboué,6,OUI
Pernety - Raymond Losserand,10,OUI
Président Wilson - Jean Jaures,16,OUI
Sabot - Rennes,15,OUI
Pyrénées - Maraîchers,15,OUI
Champ de Mars - Cler,22,OUI
Place Jacques Bonsergent,31,OUI
Sénat - Condé,3,OUI
Place de Passy,5,OUI
Hôpital Pitié Salpêtrière,1,OUI
Place Alphonse Deville,5,OUI
Diderot - Reuilly,9,OUI
Maison de Radio - France,25,OUI
Caulaincourt - Place Constantin Pecqueur,36,OUI
Lallier - Trudaine,16,OUI
Belleville - Pyrénées,1,OUI
Square Léon,20,OUI
Place d'Italie - Vincent Auriol,0,OUI
Chernoviz - Raynouard,19,OUI
Jeanne Hornet - Girardot,11,OUI
Eugène Reisz - Davout,2,OUI
Calmette,10,OUI
Eugène Oudiné - Dessous Des Berges,10,OUI
Parc André Citroën,55,OUI
Mont Valérien - Michel Salles,2,OUI
Vieille du Temple - Francs Bourgeois,23,OUI
Gare Montparnasse - Vaugirard,11,OUI
Hôtel de Ville de Champigny sur Marne,12,OUI
Neuve Saint-Pierre - Beautreillis,15,OUI
Place François Mitterand,4,OUI
Pereire - Place de Wagram,14,OUI
Faubourg Poissonniere - Delta,15,OUI
Aqueduc - Villette,12,OUI
Greneta - Sebastopol,17,OUI
Mairie de Sceaux,4,OUI
Beaujon - Wagram,2,OUI
Palais des Sports,21,OUI
Porte d'Ivry,6,OUI
Cadet - La Fayette,5,OUI
Surcouf - Université,31,OUI
Place Pasdeloup,21,OUI
Hôtel de Ville - Pont-Marie,29,OUI
Pont Neuf - Rivoli,13,OUI
Bois de Vincennes.,33,OUI
Stade Gaston Bouillant,28,OUI
Saint-Jacques - Tombe Issoire,0,OUI
Porte Maillot - Perreire,14,OUI
Gustave Eiffel - Parc des Impressionnistes,28,OUI
Parvis Corentin Celton,28,OUI
Franciade - Gabriel Péri,9,OUI
Chateau,8,OUI
Brochant - Square des Batignolles,4,OUI
Billancourt - Général Leclerc,1,OUI
Dupont de l'Eure - Gambetta,15,OUI
Gare du Nord - Demarquay,10,OUI
Square Raymond Souplex,31,OUI
Manin - Simon Bolivar,10,OUI
Keller - La Roquette,31,OUI
Place du Maquis du Vercors,10,OUI
Damrémont - Caulaincourt,0,OUI
Poissonniers - Nord,8,OUI
Rougemont - Poissonnière,4,OUI
Raspail - Chomel,24,OUI
Place des Larris,4,OUI
Reims - Porte d'Asnières,20,OUI
Vistule - Choisy,13,OUI
Station Paris Basketball - Ney - Charles Hermite,3,OUI
Manin - Crimée,23,OUI
Bercy.,1,OUI
Square Desnouettes,8,OUI
Duroc - Place de Breteuil,12,OUI
Saint-Blaise - Mouraud,16,OUI
Centenaire - Sorins,12,OUI
Hôtel de Ville de Levallois Perret,21,OUI
Convention - Saint-Charles,8,NON
Pont de Lodi - Dauphine,18,OUI
Parmentier - Fontaine au Roi,39,OUI
Jeûneurs - Mulhouse,5,OUI
Mairie du 15ème,30,OUI
Place de Finlande,7,OUI
Nationale - Marcel Duchamp,7,OUI
Poissy - Saint-Germain,18,OUI
Charonne - Philippe-Auguste,20,OUI
Thérèse - Opéra,14,OUI
Roquépine - Malesherbes,2,OUI
Carnot - Général Lanrezac,2,OUI
Mairie de Clichy,31,OUI
Bleue - Trévise,29,OUI
Romain Rolland,6,OUI
Daunou - Louis le Grand,1,OUI
Gambetta - Michelet,19,OUI
Mornay - Sully,10,OUI
Les Juilliottes,9,OUI
Pierre Sarrazin - Saint-Michel,14,OUI
République - Henri Barbusse,14,OUI
Place Mireille Havet,40,OUI
Ferrus - Saint-Jacques,19,OUI
Square Georges Melies,10,OUI
Claude Vellefaux - Sambre et Meuse,19,OUI
Charles de Gaulle - Louis Philippe,6,OUI
Faidherbe - Dahomey,33,OUI
Jean Jaurès - Reine,3,OUI
Le Vau - Maurice Bertaux,4,OUI
Place de l'Eglise - Pantin,8,OUI
Porte Saint-Martin,6,OUI
Butte aux Cailles - Esperance,11,OUI
François 1er - Lincoln,4,OUI
Louis Ganne - Davout,4,OUI
Bachaumont - Montmartre,18,OUI
Square du Bataclan,13,OUI
Georges V - François 1er,0,OUI
Place Tony de Graaff,25,OUI
Mairie du 19ème,21,OUI
Lamartine - Faubourg Montmartre,22,OUI
Jardin Marguerite Long,5,OUI
Place du Canada,23,OUI
Melun - Jean Jaurès,26,OUI
Vignes - Boulainvilliers,4,OUI
Argenson - Château,6,OUI
Terroirs de France - Lheureux,8,OUI
Fernand Braudel - Vincent Auriol,3,OUI
Brochant - Clichy,22,OUI
Sorbonne - Ecoles,6,OUI
Odessa - Départ,14,OUI
Versailles - Claude Terrasse,15,OUI
Léon - Doudeauville,8,OUI
Parc de Sceaux - Centre-Ville,0,OUI
Sèvres Rive Gauche,13,OUI
Roquette - Folie Regnault,31,OUI
République - Auguste Perret,10,OUI
Place Marcel Sembat,15,OUI
Le Corbusier - Jean Jaurès,24,OUI
René Coty - Parc Montsouris,8,OUI
Jean Moulin - Paul Doumer,10,OUI
François Truffaut - Saint Emilion,2,OUI
Boutroux - Porte de Vitry,39,OUI
Lac Daumesnil - Saint-Maurice,4,OUI
Véron - Lepic,5,OUI
Madeleine Michelis - Roule,24,OUI
Pont De Charenton,15,OUI
Jessaint - Marx Dormoy,17,OUI
Quai Marcel Boyer - Victor Hugo,23,OUI
René Binet - Porte de Montmartre,13,OUI
Gare de Nanterre Ville,23,OUI
Moulin de la Pointe,4,OUI
Senard - Charles Blum,14,OUI
Suffren - Pérignon,30,OUI
Pré Saint-Gervais - Lilas,5,OUI
Gare de Clichy-Levallois,11,OUI
Gergovie - Vercingétorix,13,OUI
Docteur Calmette - Martre,18,OUI
Hôpital Robert Debré,1,OUI
Saint-Fargeau - Mortier,7,OUI
Jules Guesde - Laennec,3,OUI
Dareau - Broussais,17,OUI
Demi-Lune - Aristide Briand,8,OUI
Beaumarchais - Pas de la Mule,8,OUI
Guy Môquet - Saint-Ouen,37,OUI
Pierre Brossolette - Adolphe Pinard,12,OUI
Bois de Vincennes - Porte Jaune,3,OUI
Cours de Vincennes - Davout,3,OUI
Edouard Vaillant - Galliéni,12,OUI
Mairie du 9ème,4,OUI
Clapeyron - Moscou,0,OUI
Place Centrale,16,OUI
Paul Klee - Place Augusta Holmes,5,OUI
Sambre et Meuse - Villette,11,OUI
Alexander Fleming - Belvédère,13,OUI
Place du Président Salvador Allende,2,OUI
Constantine - Université,39,OUI
Gare du Nord - Place de Valenciennes,5,OUI
Santé - Arago,5,OUI
Averroès - Aimé Césaire,18,OUI
Place du Front Populaire - George Sand,11,OUI
Jacquard - Ternaux,35,OUI
Paul Barruel - Vaugirard,17,OUI
Auguste Blanqui - Glacière,12,OUI
Evariste Galois,5,OUI
Quai de Valmy,9,OUI
Rapp - Place du Général Gouraud,11,OUI
Parc Suzanne Lenglen,2,OUI
Commandant l'Herminier - Gallieni,2,OUI
Stade Georges Carpentier,3,OUI
Bastille - Quai de la Rapée,23,OUI
Mazagran - Pierre de Coubertin,5,OUI
Pyramide - Parc Floral,12,OUI
Neuilly - Petit,13,OUI
Choron - Martyrs,13,OUI
Belleville - Couronnes,13,OUI
Honoré d'Estienne d'Ovres - Grilles,0,OUI
Place Jules Ferry,13,OUI
Charles Lecocq - Lecourbe,24,OUI
Censier - Santeuil,65,OUI
Athènes - Clichy,3,OUI
Gare du Nord - Denain,5,OUI
Pierre Demours - Laugier,17,OUI
André Maurois - Joseph et Marie Hackin,9,OUI
Metz - Faubourg Saint-Denis,22,OUI
Place Fernand Forest,13,OUI
Pelée - Alphonse Baudin,28,OUI
Gare de Lyon - Van Gogh,2,OUI
Gare de l'Est - Fidélité,10,OUI
Eylau - Trocadéro,4,OUI
Mairie de Neuilly sur Seine,23,OUI
Louis Blanc - Jemmapes,27,OUI
Cimetière d'Issy-les-Moulineaux,8,OUI
Marcel Yol - Jullien,7,OUI
Botzaris - Crimée,3,OUI
Gare SNCF Vanves-Malakoff,20,OUI
Saint-Didier - Raymond Poincaré,2,OUI
Pierre Levée - Fontaine Timbaud,21,OUI
Cours de l'Ile Seguin - Parc Billancourt,7,OUI
Convention - Vaugirard,41,OUI
Longchamp - Place d'Iéna,3,OUI
Paul Vaillant-Couturier - Gare RER,23,OUI
Chancé Milly - Cimetière Communal Sud,28,OUI
Fessart - Château,15,OUI
Wurtz - Tolbiac,0,OUI
Cimetière de Boulogne-Billancourt,39,OUI
Hôtel de ville de Fontenay-sous-Bois,2,OUI
Brancion - Lefebvre,6,OUI
Marc Sangnier - Division Leclerc,8,OUI
Hôtel de Ville de Fontenay-aux-Roses,4,OUI
Résistance - Hoche,10,OUI
Docteurs Déjérine - Pte de Montreuil,2,OUI
Raffet - Montmorency,10,OUI
Vanne - Saussaies,5,OUI
Commerce - Letellier,10,OUI
Bruneseau - Quai d'Ivry,16,OUI
Ivry - Simone Weil,3,OUI
Vinaigriers - Magenta,21,OUI
Ranelagh - Maison de la Radio,11,OUI
Pierre Lefaucheux - Traversière,15,OUI
Place Saint-Ferdinand,20,OUI
Quai aux Fleurs - Pont Saint-Louis,15,OUI
Jean-Pierre Timbaud - Vaucouleurs,34,OUI
Square Alban Satragne,11,OUI
Vaugirard - Verrerie,15,OUI
Hôpital - Campo-Formio,3,OUI
Malakoff - Place de la Porte Maillot,7,OUI
Damrémont - Ordener,0,OUI
Petit Palais,5,OUI
George V - Christophe Colomb,2,OUI
Victor Cresson - Telles de la Poterie,27,OUI
Buzenval - Avron,7,OUI
Mairie de Romainville,1,OUI
Porte d'Italie,3,OUI
Jardin de l'Hospice Debrousse,2,OUI
Vitruve - Davout,3,OUI
Amaury Duval - Gabriel Péri,4,OUI
La Motte-Picquet - Grenelle,1,OUI
Paul Signac - Aristide Briand,10,OUI
Théâtre de La Garenne,4,OUI
Jean Calvin - Tournefort,5,OUI
Place de l'Insurrection d'Août 1944,27,OUI
Gallieni - Lycée Charles Petitet,28,OUI
Arcole - Notre-Dame,20,OUI
Charles Gide - Fort de Bicêtre,9,OUI
Lycée Saint Exupéry - Juliette Savar,22,OUI
Place de la Porte de Passy,6,OUI
Daumesnil - Hébrard,6,OUI
Place Nationale - Château-des-Rentiers,8,OUI
Marignan - Champs-Elysées,0,OUI
Gare Montparnasse - Edgar Quinet,1,OUI
Porte d'Asnières,18,OUI
Batignolles - Beudant,11,OUI
Raspail - Albert Schweitzer,22,OUI
Place de Lévis,10,OUI
Assas - Luxembourg,1,OUI
Président Wilson - Baudin,6,OUI
Brillat-Savarin - Küss,4,OUI
Jourdan - Monticelli,3,OUI
Estienne d'Orves - Henri Ginoux,8,OUI
Gaston Tessier - Rosa Parks RER,14,OUI
Place de l'Europe - Quai de Bercy,13,OUI
Camille Groult - Guy Môquet,18,OUI
Paris - Laitières,5,OUI
Marché aux fleurs,3,OUI
Louis Pasteur - Albert Petit,6,OUI
Mazagran - Bonne Nouvelle,11,OUI
Emeriau - Beaugrenelle,49,OUI
Jacques Kellner - Saint-Ouen,26,OUI
Faubourg Poissonnière - Dunkerque,9,OUI
Charonne - Pierre Bayle,14,OUI
Colmar - Victor Hugo,3,OUI
Louis Rolland - République,2,OUI
Gare de l'Est - Place du 11 Novembre 1918,11,OUI
Victor Hugo - La Pompe,4,OUI
Quai de la Gare - Pont de Bercy,9,OUI
Gare de Lyon - Chalon,13,OUI
Lucien Lanternier - Le Luth,18,OUI
Benjamin Delessert - Jean Lolive,10,OUI
Mairie de quartier du Plateau - Mont-Valérien,8,OUI
Place de la Gare,31,OUI
La Jarry - Place Diderot,20,OUI
Place Mongolfier,23,OUI
Berthier - Place Stuart Merril,16,OUI
Italie - Jardin Joan Miro,1,OUI
Lucien Bossoutrot - Général Martial Vallin,1,OUI
Javel - André Citroën,36,OUI
Quai de l'Oise - Aisne,24,OUI
Jean Moulin - Place Victor et Hélène Basch,3,OUI
Square Louise Michel,15,OUI
Pergolèse - Malakoff,13,OUI
Mairie de Clamart,13,OUI
Vaugirard - Pasteur,4,OUI
Bessières - Porte de Clichy,21,OUI
Voltaire - Anatole France,15,OUI
Place Edmond Michelet,8,OUI
Blaise-Desgoffe - Vaugirard,6,OUI
Emile Zola - Fondary,39,OUI
Goutte d'or - Barbès,17,OUI
Estrapade - Ulm,0,OUI
Place Jacques et Thérèse Tréfouël,5,OUI
Place Lafayette,23,OUI
Place Jeanne d'Arc,13,OUI
Paul Bodin - Clichy,0,NON
Douai - Pierre Fontaine,7,OUI
Charles Tillon - Cimetière Communal,17,OUI
Paul Vaillant-Couturier - Victor Hugo,29,OUI
La Motte-Picquet - La Tour Maubourg,35,OUI
Place du 14 Juillet,21,OUI
Delizy - Louis Nadot,8,OUI
Monceau - Malesherbes,4,OUI
Maréchal Joffre - Verdun,12,OUI
Charonne - Bureau,16,OUI
Balzac - Olympes de Gouges,22,OUI
Halles - Bourdonnais,5,OUI
Place Saint-Just,15,OUI
Quai du Président Roosevelt - Pont Aval,17,OUI
Gérando - Rochechouart,12,OUI
Square Bela Bartok,0,OUI
Fort d'Aubervilliers,7,OUI
Île de la Jatte,13,OUI
Alexandre Parodi - Quai de Valmy,15,OUI
Saint-Mandé - Fabre d'Eglantine,4,OUI
Saint-Germain - Ciseaux,10,OUI
Toqueville - Cardinet,24,OUI
Auguste Blanqui - Corvisart,2,OUI
Cambronne - Villa Croix Nivert,28,OUI
Gare du Stade,14,OUI
Placette Grégoire Collas,23,OUI
Suffren - Champ de Mars,3,OUI
Porte des Lilas - Faidherbe,4,OUI
Taitbout - La Fayette,1,OUI
Place Ginette Hamelin,14,OUI
Arsène Houssaye - Friedland,4,OUI
Esplanade du Foncet - Camille Desmoulins,20,OUI
Lemercier - Cardinet,7,OUI
Dunkerque - Trudaine,4,OUI
Londres - Place d'Estienne d'Orves,4,OUI
Champs-Elysees - Bassano,0,OUI
Chemin de Bretagne,24,OUI
Joseph Dijon - Ornano,16,OUI
Crozatier - Faubourg Saint-Antoine,31,OUI
Place Nelson Mandela,0,OUI
Glacière - Soeur Catherine Marie,17,OUI
Place Monge,9,OUI
Rottembourg - Général Michel Bizot,33,OUI
Square Denise Buisson,10,OUI
Madagascar - Meuniers,32,OUI
Picpus - Louis Braille,40,OUI
Marché Saint-Quentin,11,OUI
Geoffroy - Marie,3,OUI
Louis Xavier de Ricard - Ancienne Mairie,7,OUI
Place de Rungis,31,OUI
Lebrun - Colonel Fabien,5,OUI
Vivaldi - Antoine-Julien Hénard,13,OUI
Vivienne - Montmartre,1,OUI
Godot de Mauroy - Madeleine,1,OUI
Hôpital Necker,5,OUI
Buffon - Jardin des Plantes,17,OUI
Mairie du 8ème,4,OUI
Charenton - Prague,24,OUI
Jules Guesdes - Général de Gaulle,22,OUI
Square Etienne Jarousse,11,OUI
Hôtel de Ville de Sèvres,11,OUI
Cloître Saint-Merri - Renard,19,OUI
Bibliothèque Nationale - Richelieu,5,OUI
Harpe - Saint-Germain,31,OUI
Place Aimé Césaire,4,OUI
Gare d'Argenteuil,24,OUI
Gare RER - Malleret-Joinville,17,OUI
Abbé Groult - Convention,12,OUI
Jean Monnet - Iles,21,OUI
Marché Saint-Germain,16,OUI
Parc Eli Lotar,10,OUI
Cherche-Midi - Hôpital Necker,10,OUI
Villiers - Batignolles,5,OUI
Bruant - Vincent Auriol,2,OUI
Place Charles Michels,30,OUI
Condorcet - Turgot,14,OUI
Croix Nivert - Square Saint-Lambert,16,OUI
Leredde - Tolbiac,25,OUI
Benoît Frachon - République,3,OUI
Mairie du 14ème,17,OUI
Jean Jaurès - Jules Jacquemin,20,OUI
Marne - Charles de Gaulle,24,OUI
Place des Droits de l'Enfant,14,OUI
Porte de la Muette,1,OUI
Saint-Benoît - Jacob,6,OUI
Favart - Italiens,0,OUI
Didot - Place de Moro-Giafferi,14,OUI
Bagnolet - Orteaux,0,OUI
Davout - Volga,5,OUI
Bourg l'Abbé - Saint-Martin,29,OUI
Landy - Heurtault,17,OUI
Paradis - Hauteville,5,OUI
Bréguet - Sabin,11,OUI
Stalingrad - Rigollots,21,OUI
Jardins d'Eole,18,OUI
Gare du Nord - Saint-Vincent de Paul,5,OUI
Porte de Bagnolet,4,OUI
Plantes - Moulin Vert,17,OUI
Reuilly - Place Felix Eboue,30,OUI
Flandrin - Longchamp,2,OUI
Cité Riverin - Château d'Eau,7,OUI
Maxime Gorki - Louis Aragon,7,OUI
Porte Molitor,25,OUI
Gare RER les Grésillons,20,OUI
Charles Frérot - Albert Guilpin,27,OUI
Gare Montparnasse - Arrivée,1,OUI
Place de la Madeleine - Royale,3,OUI
Henri Ravera - Gabriel Péri,12,OUI
Claude Vellefaux - Hôpital Saint-Louis,8,OUI
Buisson Saint-Louis - Saint-Maur,0,OUI
Place de la Nation - Picpus,3,OUI
Perle - Vieille du Temple,15,OUI
Edgar Quinet - Gaité,1,OUI
Roger Salengro - Général de Gaulle,11,OUI
Poissonniers - Championnet,17,OUI
Turbigo - Française,5,OUI
Murat - Porte de Saint-Cloud,13,OUI
Charentonneau - Maisons Alfort,20,OUI
Grande Truanderie - Saint-Denis,17,OUI
Place de la Nation - Charonne,2,OUI
Sèvres - Lecourbe,22,OUI
Leibniz - Jean Dollfus,18,OUI
Square Claude Bernard,2,OUI
Jourdan - Cité Universitaire,1,OUI
Jules Vallès - Charonne,19,OUI
Gare Saint-Lazare - Stockholm,2,OUI
Ecoles - Carmes,4,OUI
Niger - Soult,10,OUI
Crevaux - Bugeaud,3,OUI
Porte de Clignancourt - Ney,12,OUI
Bourdon - Pont Morland,43,OUI
Centquatre,19,OUI
Diane Arbus,30,OUI
Square Montholon,14,OUI
Chevreuse - Montparnasse,2,OUI
Louis Blanc - La Chapelle,19,OUI
Epée de Bois - Mouffetard,14,OUI
Mairie d'Issy,36,OUI
Cadix - Hameau,35,OUI
Pergolèse - Marbeau,9,OUI
Camille Risch - Paul Armangot,7,OUI
Centre Georges Pompidou,15,OUI
Reuilly - Daumesnil,16,OUI
Sorbier - Ménilmontant,8,OUI
Place des Abbesses,6,OUI
Cordelières - Arago,43,OUI
Mairie du 16ème,0,OUI
Emile Reynaud - Porte de la Villette,22,OUI
Cité Vaneau,3,OUI
Place de l'Europe - Alfortville,22,OUI
Pyrénées - Avron,9,OUI
Pyrénées - Plaine,6,OUI
Gare de Reuilly - Picpus,17,OUI
Gare de Bellevue,2,OUI
Louis Lumière.,1,OUI
Turbigo - Réaumur,11,OUI
Gambetta - Père Lachaise,5,OUI
Place de la Fraternité,14,OUI
Beaubourg - Michel-le-Comte,9,OUI
Charles de Gaulle - Plateau de Vanves,6,OUI
Molitor - Michel-Ange,0,OUI
Beaumarchais - Saint-Gilles,40,OUI
Herschel - Observatoire,2,OUI
Parme - Clichy,6,OUI
Phalsbourg - Villiers,5,OUI
Bosquet - Saint-Dominique,24,OUI
Petit - Georges Thill,17,OUI
Louis le Grand - Italiens,1,OUI
Mairie du 10ème,10,OUI
Sèvres - Général Leclerc,0,OUI
Chausson - Gabriel Péri,10,OUI
Joffre - Aigle,17,OUI
Bargue -  Dutot,19,OUI
Française - Etienne Marcel,16,OUI
Arsène Houssaye - Champs-Elysées,2,OUI
Nationale - Vincent Auriol,3,OUI
Bourse du Travail,2,OUI
Cours de Vincennes - Soult,1,OUI
Maurice d'Ocagne - General Maudhuy,0,OUI
Cléry - Montmartre,11,OUI
Sarrette - Général Leclerc,6,OUI
Adolphe Lalyre - Armand Silvestre,10,OUI
Dunkerque - Alsace,4,OUI
Blancs-Manteaux - Archives,21,OUI
Petites Ecuries - Faubourg Saint-Denis,8,OUI
Montmartre - Etienne Marcel,5,OUI
Lacuée - Lyon,12,OUI
Etienne Marcel - Montorgueil,27,OUI
Solitaires - Place des Fêtes,2,OUI
Mairie du 3ème,27,OUI
Maurice Payret-Dortail,8,OUI
Mairie du 4ème,34,OUI
Archives - Rivoli,13,OUI
Fille du Calvaire - Turenne,24,OUI
Maine - Liancourt,4,OUI
Cesaria Evora - Rosa Parks,8,OUI
Saint-Denis - Université,2,OUI
Victoire - Laffitte,3,OUI
Frères Flavien - Porte des Lilas,21,OUI
Gare d'Austerlitz - Pont Charles de Gaulle,8,OUI
Saint-Denis - Réaumur,16,OUI
Parc Roger Salengro,31,OUI
Olivier de Serres - Leriche,19,OUI
Froidevaux - Boulard,11,OUI
Temple - Haudriettes,15,OUI
Tiron - Rivoli,21,OUI
Bézout - Général Leclerc,5,OUI
Alouettes - Maréchal de Lattre de Tassigny,2,OUI
Square Emile - Chautemps,16,OUI
Mairie du Kremlin-Bicêtre,10,OUI
Hôtel de Ville de Chaville,7,OUI
Place de l'Hôtel de Ville,5,OUI
Didot - Mariniers,4,OUI
Séminaire de Conflans - Liberté,8,OUI
Lally-Tollendal - Armand Carrel,18,OUI
Barbès - Monique Maunoury,9,OUI
Lagny - Auguste Blanqui,8,OUI
Saint-Gilles - Turenne,13,OUI
Gardenat-Lapostol - Velettes,0,OUI
Pau Casals - Neuve Tolbiac,5,OUI
Place du 17 Octobre,17,OUI
Square Pierre Lazareff,15,OUI
Adolphe Pinard - Victor Hugo,9,OUI
Candale - Mehul,21,OUI
Kléber - National,4,OUI
Édouard Vaillant - Place Jean Jaurès,9,OUI
Sainte-Elisabeth - Turbigo,1,NON
Aboukir - Alexandrie,18,OUI
Saint-Michel - Luxembourg,2,OUI
Village Saint-Paul,23,OUI
Eugène Varlin - Place de la Paix,22,OUI
Waldeck Rochet - Germaine Tillon,11,OUI
Verdier - Jean Jaurès,6,OUI
Chaussée d'Antin - Haussmann,0,OUI
Jean Bleuzen - Square du 11 Novembre,4,OUI
Gare des Vallées,18,OUI
Rivoli - Musée du Louvre,12,OUI
Mairie du 2ème,5,OUI
Bas - Gabriel Péri,20,OUI
Berthier - Porte de Clichy,12,OUI
Choiseul - Quatre Septembre,6,OUI
Ventadour - Opéra,17,OUI
Hippodrome Paris-Vincennes,3,OUI
Saint-Amand - Labrouste,26,OUI
Gardenat Lapostol - Franklin Roosevelt,17,OUI
Gare de Sèvres - Ville d'Avray,2,OUI
Jean-Jacques Rousseau - Deux Ecus,7,OUI
Saint Pères - Saint Germain,15,OUI
Place Paul Delouvrier,17,OUI
Marx Dormoy - Château Sainte-Barbe,5,OUI
Saint-Bon - Rivoli,15,OUI
Saint-Honoré - Musée du Louvre,9,OUI
Porte de Saint Cloud - Parc des Princes,5,OUI
Guy Môquet - Parvis Georges Marchais,28,OUI
Quai Jules Guesde - Saint-Simon,20,OUI
Château - Place de Catalogne,0,OUI
Place de la Bastille - Bourdon,16,OUI
Le Goff - Gay-Lussac,0,OUI
Gare du Nord - La Chapelle,10,OUI
Archives - Pastourelle,20,OUI
Bastille - Beaumarchais,12,OUI
Jean Jaurès - Paul Lafargue,5,OUI
Place du 8 mai 1945.,22,OUI
Parc Floral du Bel Air,7,OUI
Oratoire - Rivoli,6,OUI
Cardinal Lavigerie,8,OUI
Alger - Rivoli,12,OUI
Lampes,34,OUI
Place du Lieutenant Henri Karcher,15,OUI
Jules Guesdes - Carnot,6,OUI
Grande Rue - Europe,5,OUI
Place André Malraux,5,OUI
Custine - Ramey,30,OUI
Coquillière - Louvre,1,OUI
Stade Pershing,7,OUI
Danielle Casanova - Opéra,0,OUI
Port - Confluence,7,OUI
Réaumur - Montmartre,2,OUI
Saint-Honoré - 29 juillet,6,OUI
Magenta - Chabrol,4,OUI
Saint-Placide - Cherche Midi,46,OUI
Les Blagis,26,OUI
Amédée Huon - Fort d'Ivry,7,OUI
Victor Hugo - Paul Eluard,14,OUI
Marseillaise - Grenade,11,OUI
Youri Gagarine - Commune de Paris,30,OUI
Decrès - Alésia,10,OUI
Paganini - Davout,8,OUI
Square Victor Basch,14,OUI
République - Louis Loucheur,23,OUI
Jouffroy d'Abbans - Villiers,6,OUI
Henri Barbusse - Gabriel Péri,9,OUI
Résistance - Parmentier,1,OUI
Vincent Auriol - Louise Weiss,5,OUI
Quai de l'Aisne - Général Leclerc,12,OUI
André Mazet - Saint-André des Arts,41,OUI
Arthur Ranc - Hôpital Bichat,8,OUI
Mariotte - Batignolles,4,OUI
Suresnes - Muette à Neuilly,2,OUI
Londres - Europe,2,OUI
Bréa - Raspail,2,OUI
Jouffroy d'Abbans - Malesherbes,6,OUI
Verdun - Carnot,18,OUI
Halle Freyssinet - Parvis Alan Turing,1,OUI
Place de la Division Leclerc,10,OUI
Charenton - Wattignies,39,OUI
Belfort - Victor Hugo,15,OUI
Béranger - Félix Faure,9,OUI
Belles Feuilles - Place de Mexico,3,OUI
Pierre Charron - Champs-Elysées,1,OUI
Porte Dauphine,2,OUI
Bichat - Grange aux Belles,11,OUI
André Theuriet - Blagis,8,OUI
Saint-Augustin,5,OUI
Victor Hugo - Gare,11,OUI
Riquet - Marx Dormoy,0,NON
Henri Barbusse - Marcel Cachin,18,OUI
Mathis - Flandre,0,OUI
Les Halles - Saint-Eustache,2,OUI
Chastenet de Géry - Marcel Paul,6,OUI
Place des Victoires,9,OUI
Ney - Porte de Montmartre,11,OUI
Victor Massé - Jean-Baptiste Pigalle,6,OUI
Clef des Champs - Albert Dhalenne,14,OUI
Place de l'Eglise - Vitry-sur-Seine,14,OUI
Gare - Aristide Briand,11,OUI
Place Farhat Hached,7,OUI
Place du Maréchal de Lattre de Tassigny,27,OUI
Porte de Pantin.,21,OUI
Belleville -  Pré Saint-Gervais,12,OUI
Saint-Marc - Feydeau,1,OUI
Chevaleret - Louise Weiss,8,OUI
Vaugirard - Monsieur le Prince,2,OUI
Château de Vincennes,10,OUI
Saint-Mande - Picpus,8,OUI
Paix - Verdun,18,OUI
Blanqui - Docteur Bauer,21,OUI
Danielle Casanova - Ledru-Rollin,18,OUI
Quai de Sèvres - Manufacture Nationale,16,OUI
Gobelins - Port-Royal,38,OUI
Silly - Louis Blériot,17,OUI
Hôtel de Ville de Saint-Ouen,33,OUI
Stalingrad - Henri Luisette,12,OUI
Lecourbe - Convention,38,OUI
Gare de Robinson,11,OUI
Pyrénées - Cours de Vincennes,8,OUI
Sorbier - Gasnier-Guy,21,OUI
Hauteville - Bonne Nouvelle,9,OUI
Gare RER - Maurice Grandcoing,27,OUI
Roquette - Auguste Laurent,14,OUI
Dutot - Place Alleray,21,OUI
Buzenval - Vignoles,6,OUI
Jardin Modèle - Pierre Boudou,15,OUI
Place Eustache Deschamps,16,OUI
Bagnolet - Place Saint-Blaise,8,OUI
LCL Campus - Place Oscar Niemeyer,16,OUI
Strasbourg - Saint-Denis,9,OUI
Guillaume Tell - Parc Henri Barbusse,17,OUI
Mairie,1,OUI
Hector Malot - Daumesnil,28,OUI
Stade de France - Francis de Pressensé,2,OUI
Bercy - Traversiére,10,OUI
Stéphanie Bouvard - Gambetta,23,OUI
Suffren - La Motte-Piquet,20,OUI
Mûriers - Père Lachaise,0,OUI
Dom-Pérignon - Gravelle,20,OUI
Martyrs de Châteaubriant - Jean Grandel,23,OUI
Duméril - Jeanne d'Arc,15,OUI
Place Charles de Gaulle,6,OUI
Hôtel de Ville de Vincennes,5,OUI
Bons Raisins - Voltaire,1,OUI
Olympiades,15,OUI
Manin - Secrétan,2,OUI
Maine - Jean Zay,3,OUI
Place Denfert-Rochereau,20,OUI
Tombe Issoire - René Coty,9,OUI
Bobillot - Tolbiac,27,OUI
Pereire - Saussure,10,OUI
Général Leclerc - Bièvre,3,OUI
Siam - La Pompe,3,OUI
Edith Cavell - Volta,10,OUI
Saint-Séverin - Saint-Michel,19,OUI
Mairie de Rosny-sous-Bois,14,OUI
Marcel Pourtout - Édouard Manet,14,OUI
Porte de Versailles,5,OUI
Duhamel - André Gide,9,OUI
Place du Docteur Yersin,9,OUI
Lavoisier - Missak Manouchian,9,OUI
Léon Frot - Charonne,18,OUI
Place Aristide Briand,20,OUI
Maxime Gorki - Paul Vaillant-Couturier,2,OUI
Legendre - Nollet,26,OUI
Cambronne - Mademoiselle,59,OUI
Mairie de Bagnolet,15,OUI
Francoeur - Caulaincourt,25,OUI
Marceau - Président Wilson,12,OUI
Euryale Dehaynin - Loire,19,OUI
Gambetta - Tourelles,2,OUI
Dôme - République,11,OUI
René Coty - Place Denfert-Rochereau,3,OUI
Franquet - Labrouste,26,OUI
Gabriel Péri - Place de la Libération,3,OUI
Place de la vache noire,3,OUI
Championnet.,9,OUI
Place Charles Digeon,15,OUI
Verdier - République,5,OUI
Gouthière - Poterne des Peupliers,12,OUI
Philippe-Auguste,9,OUI
Félix Faure - Convention,38,OUI
Bois de Vincennes - Polygone,4,OUI
Port Royal - Hôpital Cochin,8,OUI
Colonel Pierre Avia,7,OUI
Gergovie - Alésia,20,OUI
Regard - Rennes,7,OUI
Général De Gaulle - Vivien,21,OUI
Ménilmontant - Oberkampf,26,OUI
Moscou - Edouard Vaillant,14,OUI
Guillaume Bertrand - République,17,OUI
Pyrénées - Charles Renouvier,9,OUI
M.- A. Lagroua Weill-Hallé -  F. Dolto,5,OUI
Pierre Joseph Desault,19,OUI
Dantzig - Lefebvre,5,OUI
Dominique Pado - Croix Nivert,18,OUI
Arsonval - Falguière,9,OUI
Jean de la Fontaine - Boulainvilliers,45,OUI
Montparnasse -  Square Ozanam,4,OUI
Marcadet - Ramey,18,OUI
Bobillot - Moulin des Prés,4,OUI
George Sand - Jean de La Fontaine,24,OUI
Mairie du 20ème,1,OUI
Alexandre Dumas - Place de la Réunion,22,OUI
Place Saint-André des Arts,22,OUI
Porte de la Plaine,8,OUI
Rond-Point Rhin et Danube,20,OUI
Sahel - Général Michel Bizot,21,OUI
Flandre - Ourcq,25,OUI
Ancienne Mairie - André Morizet,23,OUI
Point du Jour - Jean Jaurès,36,OUI
Montreuil - République,5,OUI
Saint-Maur - République,14,OUI
Général Leclerc - République,16,OUI
Metz - Marne,6,OUI
Pierre Brossolette - 12 Février 1934,14,OUI
Bertrand Sincholle - Henri Barbusse,10,OUI
Square des Amandiers,9,OUI
Général Michel Bizot - Claude Decaen,35,OUI
Charonne - Alexandre Dumas,16,OUI
Lacépède - Linné,29,OUI
Jean Jaurès - Place de la Libération,16,OUI
Saint-Mandé - Docteur Arnold Netter,19,OUI
Rome - Provence,7,OUI
Verdun - Pierre et Marie Curie,16,OUI
Guy Môquet - Compoint,34,OUI
Paul Valery - Victor Hugo,15,OUI
Quatre Vents - Carrefour de l'Odéon,18,OUI
Etienne Dolet - Place Maurice Chevalier,29,OUI
Reynaldo Hahn - Lagny,1,OUI
Convention - Campus de Bobigny,17,OUI
Marché d'Auteuil,11,OUI
Saint-Marcel - Hôpital,9,OUI
Arthur Auger - Jean Jaurès,3,OUI
Fontaine du Tertre - Calvaire,5,OUI
Passy - Place du Costa Rica,4,OUI
Place Tristan Bernard,10,OUI
Jean-Baptiste Charcot - Sainte-Geneviève,6,OUI
Place d'Italie - Soeur Rosalie,5,OUI
Pasteur - Cotentin,18,OUI
Temple - Charlot,28,OUI
Lorraine - Jean Jaurès,17,OUI
Sèvres - Maréchal Juin,11,OUI
Volontaires - Vaugirard,12,OUI
Claude Debussy - Marc Bloch,31,OUI
Victor Hugo - Bineau,7,OUI
Place Jean Mermoz,29,OUI
Fief - République,11,OUI
Charles de Gaulle - Rue de l'Alma,1,OUI
Hôtel de Ville de Rueil-Malmaison,17,OUI
Place des Arts - Jean Mermoz,19,OUI
Jean Bologne - Passy,12,OUI
Payenne - Square George Caïn,9,OUI
Pyrénées - Dagorno,10,OUI
Macdonald - Césaria Evora,16,OUI
Crimée - Ourcq,22,OUI
Chevaleret - Tolbiac,4,OUI
Porte de Charenton,50,OUI
Epi d'Or - Chevilly,3,OUI
Geoffroy-Saint-Hilaire - Saint-Marcel,10,OUI
Nungesser - Santé,10,OUI
Commandant Charcot - Bretteville,18,OUI
Gare du Nord - Faubourg Saint-Denis,3,OUI
Ivry - Baudricourt,4,OUI
Musée d'Orsay,26,OUI
Jacquier - Didot,14,OUI
Ménil - Argenteuil,18,OUI
Guynemer - Jardin du Luxembourg,10,OUI
Cartier Bresson - Denis Papin,5,OUI
Pablo Picasso - Maurice Thorez,0,NON
Châteaudun - Place de la Liberté,16,OUI
Batignolles - Abel Truchet,3,OUI
Faubourg St-Antoine - Place de la Nation,3,OUI
Alfred de Vigny - Place du Général Brocard,1,OUI
Gare de Lyon - Roland Barthes,2,OUI
Perrault - Place du Louvre,12,OUI
Maréchal Leclerc de Hauteclocque - Marché Buzenval,11,OUI
Résistance - Romain Rolland,14,OUI
Président Roosevelt - Rouget de Lisle,13,OUI
Temple - Jean-Pierre Timbaud,35,OUI
Richard Lenoir - Place de la Bastille,15,OUI
Marcel Monge - Marcel Dassault,15,OUI
Adrien Lesesne - Docteur Bauer,26,OUI
René Boulanger - Lancry,0,OUI
Garibaldi - Gabriel Péri,18,OUI
Galilée - Vernet,6,OUI
Place de la Paix - Abbé Saint-Pierre,4,OUI
Gare du Nord - Dunkerque,7,OUI
Simone Signoret - Paris,8,OUI
Paul Doumer - Stalingrad,18,OUI
Ruisseau - Ordener,33,OUI
Louis Armand - Bernard Palissy,13,OUI
Cité de la Musique,24,OUI
Ménilmontant - Père Lachaise,27,OUI
Lauriston - Copernic,1,OUI
Hippodrome de Longchamp,3,OUI
Gabriel Péri - Jules Ferry,12,OUI
Pyrénées - Ménilmontant,11,OUI
Place De Fontenoy - Saxe,7,OUI
Pavé des Gardes - Charles Vaillant,14,OUI
Granges aux Belles - Hôpital Saint-Louis,15,OUI
Georges Pompidou - Verdun,25,OUI
Ney - Porte de Clignancourt,4,OUI
Félix Faure - Lourmel,43,OUI
Square de Choisy - Eastman,2,OUI
Gambetta - Saint Fargeau,10,OUI
Pont de Suresnes,8,OUI
Gare RER - Général de Gaulle,28,OUI
Rampal - Belleville,7,OUI
Saint-Lazare - Place d'Estienne d'Orves,16,OUI
Choisy - Tolbiac,0,NON
Dora Maar - Nadia Guendouz,14,OUI
Faubourg Du Temple - Republique,10,OUI
Port - Maurice Chevalier,14,OUI
Jean Jaurès - Presles,19,OUI
Jean Mermoz - Champs-Elysées,2,OUI
Clichy - Douai,1,OUI
Stalingrad - Barbara,4,OUI
Vanne - Général de Gaulle,14,OUI
Verdun - Henri Barbusse,9,OUI
Place de la République - Temple,12,OUI
Place du Colonel Fabien,2,OUI
Place de la République - Voltaire,5,OUI
Stalingrad - Général de Gaulle,13,OUI
Jean Jaurès - Ouvrières Pivéreuses,10,OUI
Pierre Ginier - Clichy,7,OUI
Place de la Montagne du Goulet,19,OUI
Abbé Carton - Plantes,13,OUI
Ecole Militaire - Place Joffre,21,OUI
Carpeaux - Place Jacques Froment,19,OUI
Fédération - Suffren,19,OUI
Jemmapes - Ecluses Saint-Martin,6,OUI
Mauroy - Cheminots,19,OUI
Saint-Germain - Verdun,3,OUI
Taitbout - Châteaudun,11,OUI
Jean Jaurès - Place du Dr Roux,20,OUI
Place Joffre - Frédéric le Play,20,OUI
Val-Fleury,21,OUI
Octave Gréard - Tour Eiffel,2,OUI
Place Henri Dunant - Gare RER,8,OUI
Quai de Béthune - Pont de la Tournelle,22,OUI
Charles de Gaulle - Madrid,0,OUI
Préfecture de Créteil,13,OUI
Parc des Pierrettes,6,OUI
Haut du Mont-Mesly,8,OUI
Guy Môquet - Jean Moulin,17,OUI
Stade de la Habette,9,OUI
Avenir,1,OUI
Hôtel de Ville de Créteil,0,NON
Champs de Manoeuvre - Cartoucherie,21,OUI
Diderot - Pierre Bourdan,8,OUI
Bastille - Biscornet,45,OUI
Raymond Poincaré - Place Victor Hugo,0,OUI
Charles de Gaulle - Les Sablons,5,OUI
Place de la Gare,2,OUI
Jean Bouin - Gouverneur Général Eboué,18,OUI
Château - République,0,OUI
Division Leclerc - Kléber,6,OUI
Portugais - Kléber,0,NON
Gare Saint-Lazare - Place de Budapest,2,OUI
Gare de Chaville Rive Gauche,1,OUI
Hélène et François Missoffe - Emile Borel,6,OUI
Les Planètes,0,OUI
Porte de Clichy - Place des Nations Unies,20,OUI
Bobillot - Paulin Mery,1,OUI
Henri Barbusse - Bourguignons,28,OUI
Place Charles Vallin,24,OUI
Marceau Delorme - Pierre Brossolette,27,OUI
Place du Moulin de Javel,10,OUI
Bateliers - Quai de Seine,17,OUI
Yves Farges - Route d'Enghien,19,OUI
Roland Garros - Jean Bouin,23,OUI
Wilson - Landy,12,OUI
Gare RER,11,OUI
Louis Blanc - Aqueduc,23,OUI
Pontoise - La Tournelle,20,OUI
Charles de Gaulle - Jean Lolive,9,OUI
Gare de l'Est - Chateau Landon,24,OUI
Noisy le Sec - Jean-Baptiste Clément,14,OUI
Jonquière - Docteur Paul Brousse,35,OUI
Saint-Denis - Rivoli,39,OUI
Ordener - Poissonniers,8,OUI
Alibert - Jemmapes,44,OUI
Clignancourt - Ordener,28,OUI
Carrefour Pleyel,18,OUI
Joseph Sansboeuf - Saint Lazare,2,OUI
Danielle Casanova - Place Vendôme,2,OUI
Albert Kahn - Duhesme,0,NON
Pailleron - Bouret,14,OUI
Choisy - Pointe d'Ivry,0,NON
Clichy - Place Blanche,6,OUI
Suzanne Masson,9,OUI
Victoria - Place du Chatelet,8,OUI
Volontaires - Lecourbe,18,OUI
Grande Armée - Brunel,4,OUI
Tolbiac - Boussingault,40,OUI
Balzac - Champs Elysées,3,OUI
Convention - Lourmel,34,OUI
Sebastopol - Rambuteau,12,OUI
Liberté - Vert-de-Maisons,20,OUI
Proudhon - Président Wilson,12,OUI
François 1er - Montaigne,3,OUI
BNF - Bibliothèque Nationale de France,22,OUI
Saint-Jacques - Soufflot,0,OUI
Daumesnil - Picpus,20,OUI
Place Pigalle,11,OUI
Madeleine Vionnet,6,OUI
Rochechouart - Martyrs,5,OUI
Bleuets - Bordières,0,NON
Place de la Nation - Taillebourg,1,OUI
Place Balard,2,OUI
Belfort - Voltaire,32,OUI
Quai des Célestins - Henri IV,12,OUI
Colisée - Champs-Elysées,0,OUI
Westermeyer - Paul Vaillant-Couturier,22,OUI
Alexandre Dumas - Voltaire,27,OUI
Malesherbes - Place de la Madeleine,17,OUI
Fabre d'Eglantine - Place de la Nation,3,OUI
Saint-Antoine Sévigné,19,OUI
Traktir - Foch,5,OUI
Boulets - Voltaire,20,OUI
Richard Lenoir - Voltaire,18,OUI
Montreuil - Voltaire,11,OUI
Hoche - Tilsitt,1,OUI
Bourdonnais - Tour Eiffel,13,OUI
Bineau - Louise Michel,15,OUI
Créteil Pointe du Lac,0,NON
Dugommier,45,OUI
Hôtel de Ville d'Asnières sur Seine,27,OUI
Centre Hospitalier Intercommunal de Créteil,13,OUI
Créteil Village,16,OUI
Créteil Pompadour,33,OUI
Place de la Porte de Châtillon,3,OUI
Iles de Loisirs de Créteil,17,OUI
Borrégo - Gambetta,18,OUI
Haxo - Surmelin,0,OUI
Cauchy - Cévennes,32,OUI
Bir Hakeim,12,OUI
Bois de Vincennes - Gare,11,OUI
Michelet - Dr Bauer,16,OUI
Gare de la Garenne-Colombes,10,OUI
Jean Jaurès - Gare de Clamart,9,OUI
Mstislav Rostropovitch - Berthier,3,OUI
Institut de France,9,OUI
Enfants du Paradis - Peupliers,4,OUI
Gare Saint-Lazare - Cour du Havre,18,OUI
Tremblay - Lac des Minimes,32,OUI
Aristide Briand - Place de la Résistance,10,OUI
Caumartin - Provence,6,OUI
